Workbook

Sheet Category
A1: c_no | B1: c_name
A2: 1 | B2: 상의
A3: 2 | B3: 하의
A4: 3 | B4: 신발
A5: 4 | B5: 아우터
A6: 5 | B6: 액세서리

Sheet ProductList
A1: p_no | B1: 상품명 | C1: 가격 | D1: 세일여부 | E1: 할인율 | F1: 금액 | G1: 최종금액 | H1: sb_no | I1: u_no | J1: 판매자 | K1: 수량s | L1: 수량m | M1: 수량L | N1: 수량티 | O1: blod | P1: 평점 | Q1: 세일시작 | R1: 세일종료 | S1: 기준일세일
A2: 1 | B2: 린넨 스카시 니트 셔츠 BLACK | C2: 100000 | D2: =VLOOKUP(A2,SaleList!E:E,1,0) -> #N/A | E2: =VLOOKUP(A2,SaleList!E:F,2,0) -> #N/A | F2: =C2*((100-E2)/100) -> #N/A | G2: =_xlfn.IFNA(F2,C2) -> 100000 | H2: 1 | I2: 18 | J2: =VLOOKUP(I2,User!A:D,4,0) -> 김우진 | K2: 5 | L2: 10 | M2: 9 | N2: 9 | Q2: =VLOOKUP(A2,SaleList!E:G,3,0) -> #N/A | R2: =VLOOKUP(A2,SaleList!E:H,4,0) -> #N/A | S2: =IF(AND(Q2<=DATE(2025,4,2), R2>=DATE(2025,4,2)), 1, 0) -> #N/A
A3: 2 | B3: (OVERSIZED)HERITAGE DAN PK KNIT IVORY | C3: 65000 | D3: =VLOOKUP(A3,SaleList!E:E,1,0) -> 2 | E3: =VLOOKUP(A3,SaleList!E:F,2,0) -> 10 | F3: =C3*((100-E3)/100) -> 58500 | G3: =_xlfn.IFNA(F3,C3) -> 58500 | H3: 1 | I3: 24 | J3: =VLOOKUP(I3,User!A:D,4,0) -> 박은정 | K3: 0 | L3: 6 | M3: 7 | N3: 7 | Q3: =VLOOKUP(A3,SaleList!E:G,3,0) -> 45747 | R3: =VLOOKUP(A3,SaleList!E:H,4,0) -> 45749 | S3: =IF(AND(Q3<=DATE(2025,4,2), R3>=DATE(2025,4,2)), 1, 0) -> 1
A4: 3 | B4: 쿨에버 PK 반팔 니트티 NAVY | C4: 60000 | D4: =VLOOKUP(A4,SaleList!E:E,1,0) -> #N/A | E4: =VLOOKUP(A4,SaleList!E:F,2,0) -> #N/A | F4: =C4*((100-E4)/100) -> #N/A | G4: =_xlfn.IFNA(F4,C4) -> 60000 | H4: 1 | I4: 7 | J4: =VLOOKUP(I4,User!A:D,4,0) -> 박영호 | K4: 3 | L4: 3 | M4: 1 | N4: 5 | Q4: =VLOOKUP(A4,SaleList!E:G,3,0) -> #N/A | R4: =VLOOKUP(A4,SaleList!E:H,4,0) -> #N/A | S4: =IF(AND(Q4<=DATE(2025,4,2), R4>=DATE(2025,4,2)), 1, 0) -> #N/A
A5: 4 | B5: HARD TWIST COMFORT POLO KNIT [IVORY] | C5: 15000 | D5: =VLOOKUP(A5,SaleList!E:E,1,0) -> #N/A | E5: =VLOOKUP(A5,SaleList!E:F,2,0) -> #N/A | F5: =C5*((100-E5)/100) -> #N/A | G5: =_xlfn.IFNA(F5,C5) -> 15000 | H5: 22 | I5: 24 | J5: =VLOOKUP(I5,User!A:D,4,0) -> 박은정 | K5: 3 | L5: 6 | M5: 3 | N5: 1 | Q5: =VLOOKUP(A5,SaleList!E:G,3,0) -> #N/A | R5: =VLOOKUP(A5,SaleList!E:H,4,0) -> #N/A | S5: =IF(AND(Q5<=DATE(2025,4,2), R5>=DATE(2025,4,2)), 1, 0) -> #N/A
A6: 5 | B6: 져지 블록코어 유니크 맨투맨 (VLS0014) 블랙/화이트 | C6: 65000 | D6: =VLOOKUP(A6,SaleList!E:E,1,0) -> #N/A | E6: =VLOOKUP(A6,SaleList!E:F,2,0) -> #N/A | F6: =C6*((100-E6)/100) -> #N/A | G6: =_xlfn.IFNA(F6,C6) -> 65000 | H6: 2 | I6: 1 | J6: =VLOOKUP(I6,User!A:D,4,0) -> 손준서 | K6: 7 | L6: 5 | M6: 5 | N6: 5 | Q6: =VLOOKUP(A6,SaleList!E:G,3,0) -> #N/A | R6: =VLOOKUP(A6,SaleList!E:H,4,0) -> #N/A | S6: =IF(AND(Q6<=DATE(2025,4,2), R6>=DATE(2025,4,2)), 1, 0) -> #N/A
A7: 6 | B7: [SET]뉴비긴 하프집 맨투맨 티셔츠 팬츠 셋업_블랙 트레이닝 | C7: 100000 | D7: =VLOOKUP(A7,SaleList!E:E,1,0) -> #N/A | E7: =VLOOKUP(A7,SaleList!E:F,2,0) -> #N/A | F7: =C7*((100-E7)/100) -> #N/A | G7: =_xlfn.IFNA(F7,C7) -> 100000 | H7: 2 | I7: 14 | J7: =VLOOKUP(I7,User!A:D,4,0) -> 이영자 | K7: 9 | L7: 7 | M7: 7 | N7: 6 | Q7: =VLOOKUP(A7,SaleList!E:G,3,0) -> #N/A | R7: =VLOOKUP(A7,SaleList!E:H,4,0) -> #N/A | S7: =IF(AND(Q7<=DATE(2025,4,2), R7>=DATE(2025,4,2)), 1, 0) -> #N/A
A8: 7 | B8: 시티 빅오버 워크 맨투맨_Black | C8: 70000 | D8: =VLOOKUP(A8,SaleList!E:E,1,0) -> 7 | E8: =VLOOKUP(A8,SaleList!E:F,2,0) -> 25 | F8: =C8*((100-E8)/100) -> 52500 | G8: =_xlfn.IFNA(F8,C8) -> 52500 | H8: 2 | I8: 18 | J8: =VLOOKUP(I8,User!A:D,4,0) -> 김우진 | K8: 3 | L8: 0 | M8: 3 | N8: 10 | Q8: =VLOOKUP(A8,SaleList!E:G,3,0) -> 45748 | R8: =VLOOKUP(A8,SaleList!E:H,4,0) -> 45750 | S8: =IF(AND(Q8<=DATE(2025,4,2), R8>=DATE(2025,4,2)), 1, 0) -> 1
A9: 8 | B9: 더블코튼 피치스킨 오버핏 맨투맨 1992 블랙 | C9: 100000 | D9: =VLOOKUP(A9,SaleList!E:E,1,0) -> 8 | E9: =VLOOKUP(A9,SaleList!E:F,2,0) -> 5 | F9: =C9*((100-E9)/100) -> 95000 | G9: =_xlfn.IFNA(F9,C9) -> 95000 | H9: 2 | I9: 28 | J9: =VLOOKUP(I9,User!A:D,4,0) -> 류진우 | K9: 5 | L9: 8 | M9: 6 | N9: 10 | Q9: =VLOOKUP(A9,SaleList!E:G,3,0) -> 45749 | R9: =VLOOKUP(A9,SaleList!E:H,4,0) -> 45751 | S9: =IF(AND(Q9<=DATE(2025,4,2), R9>=DATE(2025,4,2)), 1, 0) -> 1
A10: 9 | B10: 에센셜 후드 스웻 셔츠 (MELANGE GREY) | C10: 40000 | D10: =VLOOKUP(A10,SaleList!E:E,1,0) -> #N/A | E10: =VLOOKUP(A10,SaleList!E:F,2,0) -> #N/A | F10: =C10*((100-E10)/100) -> #N/A | G10: =_xlfn.IFNA(F10,C10) -> 40000 | H10: 3 | I10: 9 | J10: =VLOOKUP(I10,User!A:D,4,0) -> 엄지혜 | K10: 2 | L10: 4 | M10: 6 | N10: 6 | Q10: =VLOOKUP(A10,SaleList!E:G,3,0) -> #N/A | R10: =VLOOKUP(A10,SaleList!E:H,4,0) -> #N/A | S10: =IF(AND(Q10<=DATE(2025,4,2), R10>=DATE(2025,4,2)), 1, 0) -> #N/A
A11: 10 | B11: 스피드 피그먼트 후드 딥그레이 KMHD6727 | C11: 45000 | D11: =VLOOKUP(A11,SaleList!E:E,1,0) -> 10 | E11: =VLOOKUP(A11,SaleList!E:F,2,0) -> 15 | F11: =C11*((100-E11)/100) -> 38250 | G11: =_xlfn.IFNA(F11,C11) -> 38250 | H11: 3 | I11: 11 | J11: =VLOOKUP(I11,User!A:D,4,0) -> 고우진 | K11: 4 | L11: 10 | M11: 7 | N11: 8 | Q11: =VLOOKUP(A11,SaleList!E:G,3,0) -> 45750 | R11: =VLOOKUP(A11,SaleList!E:H,4,0) -> 45752 | S11: =IF(AND(Q11<=DATE(2025,4,2), R11>=DATE(2025,4,2)), 1, 0) -> 0
A12: 11 | B12: BEARS BASKETBALL DIET HOODIE GRAY | C12: 10000 | D12: =VLOOKUP(A12,SaleList!E:E,1,0) -> #N/A | E12: =VLOOKUP(A12,SaleList!E:F,2,0) -> #N/A | F12: =C12*((100-E12)/100) -> #N/A | G12: =_xlfn.IFNA(F12,C12) -> 10000 | H12: 3 | I12: 13 | J12: =VLOOKUP(I12,User!A:D,4,0) -> 이현정 | K12: 7 | L12: 6 | M12: 9 | N12: 7 | Q12: =VLOOKUP(A12,SaleList!E:G,3,0) -> #N/A | R12: =VLOOKUP(A12,SaleList!E:H,4,0) -> #N/A | S12: =IF(AND(Q12<=DATE(2025,4,2), R12>=DATE(2025,4,2)), 1, 0) -> #N/A
A13: 12 | B13: 리버스 웨이아웃 페인팅 후드_다크그레이_LT562 | C13: 40000 | D13: =VLOOKUP(A13,SaleList!E:E,1,0) -> #N/A | E13: =VLOOKUP(A13,SaleList!E:F,2,0) -> #N/A | F13: =C13*((100-E13)/100) -> #N/A | G13: =_xlfn.IFNA(F13,C13) -> 40000 | H13: 3 | I13: 23 | J13: =VLOOKUP(I13,User!A:D,4,0) -> 전예진 | K13: 6 | L13: 5 | M13: 1 | N13: 5 | Q13: =VLOOKUP(A13,SaleList!E:G,3,0) -> #N/A | R13: =VLOOKUP(A13,SaleList!E:H,4,0) -> #N/A | S13: =IF(AND(Q13<=DATE(2025,4,2), R13>=DATE(2025,4,2)), 1, 0) -> #N/A
... A201: 200 | B201: knitted muffler (IVORY) | C201: 95000 | D201: =VLOOKUP(A201,SaleList!E:E,1,0) -> #N/A | E201: =VLOOKUP(A201,SaleList!E:F,2,0) -> #N/A | F201: =C201*((100-E201)/100) -> #N/A | G201: =_xlfn.IFNA(F201,C201) -> 95000 | H201: 25 | I201: 27 | J201: =VLOOKUP(I201,User!A:D,4,0) -> 김정희 | K201: 3 | L201: 5 | M201: 0 | N201: 6 | Q201: =VLOOKUP(A201,SaleList!E:G,3,0) -> #N/A | R201: =VLOOKUP(A201,SaleList!E:H,4,0) -> #N/A | S201: =IF(AND(Q201<=DATE(2025,4,2), R201>=DATE(2025,4,2)), 1, 0) -> #N/A

Sheet Purchase
A1: pu_no | B1: pu_date | C1: p_no | D1: 상품명 | E1: 할인전 | F1: 단가 | G1: 총금액 | H1: u_no | I1: 구매자 | J1: pu_S | K1: pu_M | L1: pu_L | M1: pu_XL
A2: 1 | B2: 45338 | C2: 55 | D2: =VLOOKUP(C2,ProductList!A:B,2,0) -> 스퀘어 토 메리제인 플랫슈즈 | E2: =VLOOKUP(C2,ProductList!A:C,3,0) -> 75000 | F2: =VLOOKUP(C2,ProductList!A:G,7,0) -> 75000 | G2: =SUM(J2:M2)*F2 -> 900000 | H2: 9 | I2: =VLOOKUP(H2,User!A:D,4,0) -> 엄지혜 | J2: 3 | K2: 5 | L2: 4 | M2: 0
A3: 2 | B3: 45494 | C3: 42 | D3: =VLOOKUP(C3,ProductList!A:B,2,0) -> SHOWER - 808 | E3: =VLOOKUP(C3,ProductList!A:C,3,0) -> 60000 | F3: =VLOOKUP(C3,ProductList!A:G,7,0) -> 48000 | G3: =SUM(J3:M3)*F3 -> 384000 | H3: 1 | I3: =VLOOKUP(H3,User!A:D,4,0) -> 손준서 | J3: 1 | K3: 3 | L3: 1 | M3: 3
A4: 3 | B4: 45475 | C4: 33 | D4: =VLOOKUP(C4,ProductList!A:B,2,0) -> 뉴비긴 트레이닝 조거팬츠_블랙 트레이닝 | E4: =VLOOKUP(C4,ProductList!A:C,3,0) -> 80000 | F4: =VLOOKUP(C4,ProductList!A:G,7,0) -> 48000 | G4: =SUM(J4:M4)*F4 -> 480000 | H4: 30 | I4: =VLOOKUP(H4,User!A:D,4,0) -> 박성민 | J4: 5 | K4: 3 | L4: 0 | M4: 2
A5: 4 | B5: 45348 | C5: 27 | D5: =VLOOKUP(C5,ProductList!A:B,2,0) -> Steady Balloon Snap Pants Black | E5: =VLOOKUP(C5,ProductList!A:C,3,0) -> 80000 | F5: =VLOOKUP(C5,ProductList!A:G,7,0) -> 80000 | G5: =SUM(J5:M5)*F5 -> 720000 | H5: 26 | I5: =VLOOKUP(H5,User!A:D,4,0) -> 김은지 | J5: 4 | K5: 2 | L5: 0 | M5: 3
A6: 5 | B6: 45430 | C6: 50 | D6: =VLOOKUP(C6,ProductList!A:B,2,0) -> 스틸레토 더블 리본장식 슬링백 412412002 | E6: =VLOOKUP(C6,ProductList!A:C,3,0) -> 35000 | F6: =VLOOKUP(C6,ProductList!A:G,7,0) -> 35000 | G6: =SUM(J6:M6)*F6 -> 455000 | H6: 24 | I6: =VLOOKUP(H6,User!A:D,4,0) -> 박은정 | J6: 2 | K6: 1 | L6: 5 | M6: 5
A7: 6 | B7: 45440 | C7: 30 | D7: =VLOOKUP(C7,ProductList!A:B,2,0) -> 편애깅스-세미 부츠컷 CDTM24A02_7358 | E7: =VLOOKUP(C7,ProductList!A:C,3,0) -> 30000 | F7: =VLOOKUP(C7,ProductList!A:G,7,0) -> 30000 | G7: =SUM(J7:M7)*F7 -> 240000 | H7: 7 | I7: =VLOOKUP(H7,User!A:D,4,0) -> 박영호 | J7: 1 | K7: 1 | L7: 2 | M7: 4
A8: 7 | B8: 45358 | C8: 14 | D8: =VLOOKUP(C8,ProductList!A:B,2,0) -> 입으면 바로 힙스터 LS 티셔츠 [블랙] | E8: =VLOOKUP(C8,ProductList!A:C,3,0) -> 75000 | F8: =VLOOKUP(C8,ProductList!A:G,7,0) -> 75000 | G8: =SUM(J8:M8)*F8 -> 750000 | H8: 21 | I8: =VLOOKUP(H8,User!A:D,4,0) -> 김현정 | J8: 5 | K8: 2 | L8: 0 | M8: 3
A9: 8 | B9: 45520 | C9: 62 | D9: =VLOOKUP(C9,ProductList!A:B,2,0) -> 루즈핏 2-WAY 후드집업 | E9: =VLOOKUP(C9,ProductList!A:C,3,0) -> 95000 | F9: =VLOOKUP(C9,ProductList!A:G,7,0) -> 95000 | G9: =SUM(J9:M9)*F9 -> 95000 | H9: 2 | I9: =VLOOKUP(H9,User!A:D,4,0) -> 이예은 | J9: 0 | K9: 0 | L9: 1 | M9: 0
A10: 9 | B10: 45613 | C10: 9 | D10: =VLOOKUP(C10,ProductList!A:B,2,0) -> 에센셜 후드 스웻 셔츠 (MELANGE GREY) | E10: =VLOOKUP(C10,ProductList!A:C,3,0) -> 40000 | F10: =VLOOKUP(C10,ProductList!A:G,7,0) -> 40000 | G10: =SUM(J10:M10)*F10 -> 160000 | H10: 8 | I10: =VLOOKUP(H10,User!A:D,4,0) -> 이수민 | J10: 1 | K10: 3 | L10: 0 | M10: 0
A11: 10 | B11: 45532 | C11: 73 | D11: =VLOOKUP(C11,ProductList!A:B,2,0) -> 데미지 워싱 데님 트러커 자켓 연청 | E11: =VLOOKUP(C11,ProductList!A:C,3,0) -> 95000 | F11: =VLOOKUP(C11,ProductList!A:G,7,0) -> 95000 | G11: =SUM(J11:M11)*F11 -> 1045000 | H11: 19 | I11: =VLOOKUP(H11,User!A:D,4,0) -> 박정수 | J11: 4 | K11: 1 | L11: 5 | M11: 1
A12: 11 | B12: 45532 | C12: 49 | D12: =VLOOKUP(C12,ProductList!A:B,2,0) -> BRYN VELCRO SNEAKERS - 3color | E12: =VLOOKUP(C12,ProductList!A:C,3,0) -> 10000 | F12: =VLOOKUP(C12,ProductList!A:G,7,0) -> 10000 | G12: =SUM(J12:M12)*F12 -> 110000 | H12: 11 | I12: =VLOOKUP(H12,User!A:D,4,0) -> 고우진 | J12: 5 | K12: 1 | L12: 4 | M12: 1
A13: 12 | B13: 45561 | C13: 7 | D13: =VLOOKUP(C13,ProductList!A:B,2,0) -> 시티 빅오버 워크 맨투맨_Black | E13: =VLOOKUP(C13,ProductList!A:C,3,0) -> 70000 | F13: =VLOOKUP(C13,ProductList!A:G,7,0) -> 52500 | G13: =SUM(J13:M13)*F13 -> 787500 | H13: 25 | I13: =VLOOKUP(H13,User!A:D,4,0) -> 김영미 | J13: 5 | K13: 4 | L13: 3 | M13: 3
... A101: 100 | B101: 45531 | C101: 39 | D101: =VLOOKUP(C101,ProductList!A:B,2,0) -> 클래식 테이퍼드 와이드 원턱 린넨 팬츠_9Color | E101: =VLOOKUP(C101,ProductList!A:C,3,0) -> 90000 | F101: =VLOOKUP(C101,ProductList!A:G,7,0) -> 90000 | G101: =SUM(J101:M101)*F101 -> 1350000 | H101: 11 | I101: =VLOOKUP(H101,User!A:D,4,0) -> 고우진 | J101: 5 | K101: 3 | L101: 4 | M101: 3

Sheet Review
A1: r_no | B1: pu_no | C1: 구매자 | D1: 구매일 | E1: r_content | F1: r_star | G1: 상품 | H1: 상품명 | I1: =AVERAGEIF(G:G,1,F:F) -> 2 | L1: =SUM(F26,F37,F49,F58,F61,F74,F81,F83,F94)/9 -> 2
A2: 1 | B2: 1 | C2: =VLOOKUP(B2,Purchase!A:I,9,0) -> 엄지혜 | D2: =VLOOKUP(B2,Purchase!A:B,2,0) -> 45338 | E2: 평범한 제품, 기대 이하였습니다. | F2: 2 | G2: =VLOOKUP(B2,Purchase!A:C,3,0) -> 55 | H2: =VLOOKUP(G2,ProductList!A:B,2,0) -> 스퀘어 토 메리제인 플랫슈즈
A3: 2 | B3: 2 | C3: =VLOOKUP(B3,Purchase!A:I,9,0) -> 손준서 | D3: =VLOOKUP(B3,Purchase!A:B,2,0) -> 45494 | E3: 평범한 제품, 기대 이하였습니다. | F3: 1 | G3: =VLOOKUP(B3,Purchase!A:C,3,0) -> 42 | H3: =VLOOKUP(G3,ProductList!A:B,2,0) -> SHOWER - 808
A4: 3 | B4: 3 | C4: =VLOOKUP(B4,Purchase!A:I,9,0) -> 박성민 | D4: =VLOOKUP(B4,Purchase!A:B,2,0) -> 45475 | E4: 제품에 만족하지 못했습니다. | F4: 1.5 | G4: =VLOOKUP(B4,Purchase!A:C,3,0) -> 33 | H4: =VLOOKUP(G4,ProductList!A:B,2,0) -> 뉴비긴 트레이닝 조거팬츠_블랙 트레이닝
A5: 4 | B5: 4 | C5: =VLOOKUP(B5,Purchase!A:I,9,0) -> 김은지 | D5: =VLOOKUP(B5,Purchase!A:B,2,0) -> 45348 | E5: 품질은 좋으나 배송이 늦었습니다. | F5: 2.5 | G5: =VLOOKUP(B5,Purchase!A:C,3,0) -> 27 | H5: =VLOOKUP(G5,ProductList!A:B,2,0) -> Steady Balloon Snap Pants Black
A6: 5 | B6: 5 | C6: =VLOOKUP(B6,Purchase!A:I,9,0) -> 박은정 | D6: =VLOOKUP(B6,Purchase!A:B,2,0) -> 45430 | E6: 우수한 품질, 다시 구매할 거예요! | F6: 3 | G6: =VLOOKUP(B6,Purchase!A:C,3,0) -> 50 | H6: =VLOOKUP(G6,ProductList!A:B,2,0) -> 스틸레토 더블 리본장식 슬링백 412412002
A7: 6 | B7: 6 | C7: =VLOOKUP(B7,Purchase!A:I,9,0) -> 박영호 | D7: =VLOOKUP(B7,Purchase!A:B,2,0) -> 45440 | E7: 제품에 만족하지 못했습니다. | F7: 3.5 | G7: =VLOOKUP(B7,Purchase!A:C,3,0) -> 30 | H7: =VLOOKUP(G7,ProductList!A:B,2,0) -> 편애깅스-세미 부츠컷 CDTM24A02_7358
A8: 7 | B8: 7 | C8: =VLOOKUP(B8,Purchase!A:I,9,0) -> 김현정 | D8: =VLOOKUP(B8,Purchase!A:B,2,0) -> 45358 | E8: 우수한 품질, 다시 구매할 거예요! | F8: 4.5 | G8: =VLOOKUP(B8,Purchase!A:C,3,0) -> 14 | H8: =VLOOKUP(G8,ProductList!A:B,2,0) -> 입으면 바로 힙스터 LS 티셔츠 [블랙]
A9: 8 | B9: 8 | C9: =VLOOKUP(B9,Purchase!A:I,9,0) -> 이예은 | D9: =VLOOKUP(B9,Purchase!A:B,2,0) -> 45520 | E9: 품질은 좋으나 배송이 늦었습니다. | F9: 5 | G9: =VLOOKUP(B9,Purchase!A:C,3,0) -> 62 | H9: =VLOOKUP(G9,ProductList!A:B,2,0) -> 루즈핏 2-WAY 후드집업
A10: 9 | B10: 9 | C10: =VLOOKUP(B10,Purchase!A:I,9,0) -> 이수민 | D10: =VLOOKUP(B10,Purchase!A:B,2,0) -> 45613 | E10: 평범한 제품, 기대 이하였습니다. | F10: 1 | G10: =VLOOKUP(B10,Purchase!A:C,3,0) -> 9 | H10: =VLOOKUP(G10,ProductList!A:B,2,0) -> 에센셜 후드 스웻 셔츠 (MELANGE GREY)
A11: 10 | B11: 10 | C11: =VLOOKUP(B11,Purchase!A:I,9,0) -> 박정수 | D11: =VLOOKUP(B11,Purchase!A:B,2,0) -> 45532 | E11: 훌륭한 제품이었습니다. 다시 구매하고 싶어요! | F11: 1.5 | G11: =VLOOKUP(B11,Purchase!A:C,3,0) -> 73 | H11: =VLOOKUP(G11,ProductList!A:B,2,0) -> 데미지 워싱 데님 트러커 자켓 연청
A12: 11 | B12: 11 | C12: =VLOOKUP(B12,Purchase!A:I,9,0) -> 고우진 | D12: =VLOOKUP(B12,Purchase!A:B,2,0) -> 45532 | E12: 우수한 품질, 다시 구매할 거예요! | F12: 2 | G12: =VLOOKUP(B12,Purchase!A:C,3,0) -> 49 | H12: =VLOOKUP(G12,ProductList!A:B,2,0) -> BRYN VELCRO SNEAKERS - 3color
A13: 12 | B13: 12 | C13: =VLOOKUP(B13,Purchase!A:I,9,0) -> 김영미 | D13: =VLOOKUP(B13,Purchase!A:B,2,0) -> 45561 | E13: 평범한 제품, 기대 이하였습니다. | F13: 3 | G13: =VLOOKUP(B13,Purchase!A:C,3,0) -> 7 | H13: =VLOOKUP(G13,ProductList!A:B,2,0) -> 시티 빅오버 워크 맨투맨_Black
... A301: 300 | B301: 300 | C301: =VLOOKUP(B301,Purchase!A:I,9,0) -> #N/A | D301: =VLOOKUP(B301,Purchase!A:B,2,0) -> #N/A | E301: 훌륭한 제품이었습니다. 다시 구매하고 싶어요! | F301: 0 | G301: =VLOOKUP(B301,Purchase!A:C,3,0) -> #N/A | H301: =VLOOKUP(G301,ProductList!A:B,2,0) -> #N/A

Sheet Sheet1
A1: r_no | B1: pu_no | C1: 구매자 | D1: 구매일 | E1: r_content | F1: r_star | G1: 상품 | H1: 상품명
A2: 36 | B2: 36 | C2: 이수민 | D2: 45352 | E2: 품질은 좋으나 배송이 늦었습니다. | F2: 2.5 | G2: 1 | H2: 린넨 스카시 니트 셔츠 BLACK
A3: 93 | B3: 93 | C3: 이현정 | D3: 45459 | E3: 품질은 좋으나 배송이 늦었습니다. | F3: 3.5 | G3: 1 | H3: 린넨 스카시 니트 셔츠 BLACK
A4: 82 | B4: 82 | C4: 전예진 | D4: 45464 | E4: 우수한 품질, 다시 구매할 거예요! | F4: 3 | G4: 1 | H4: 린넨 스카시 니트 셔츠 BLACK
A5: 60 | B5: 60 | C5: 강수빈 | D5: 45504 | E5: 제품에 만족하지 못했습니다. | F5: 2 | G5: 1 | H5: 린넨 스카시 니트 셔츠 BLACK
A6: 73 | B6: 73 | C6: 이예은 | D6: 45557 | E6: 품질은 좋으나 배송이 늦었습니다. | F6: 1 | G6: 1 | H6: 린넨 스카시 니트 셔츠 BLACK
A7: 57 | B7: 57 | C7: 이성민 | D7: 45594 | E7: 제품에 만족하지 못했습니다. | F7: 1 | G7: 1 | H7: 린넨 스카시 니트 셔츠 BLACK
A8: 25 | B8: 25 | C8: 박동현 | D8: 45608 | E8: 훌륭한 제품이었습니다. 다시 구매하고 싶어요! | F8: 1 | G8: 1 | H8: 린넨 스카시 니트 셔츠 BLACK
A9: 80 | B9: 80 | C9: 박정수 | D9: 45645 | E9: 훌륭한 제품이었습니다. 다시 구매하고 싶어요! | F9: 1 | G9: 1 | H9: 린넨 스카시 니트 셔츠 BLACK
A10: 48 | B10: 48 | C10: 류진우 | D10: 45654 | E10: 훌륭한 제품이었습니다. 다시 구매하고 싶어요! | F10: 3 | G10: 1 | H10: 린넨 스카시 니트 셔츠 BLACK

Sheet SaleList
A1: sa_no | B1: start_date | C1: end_date | D1: sa_sale | E1: p_no | F1: sa_sale | G1: start_date | H1: end_date
A2: 1 | B2: 45747 | C2: 45749 | D2: 10 | E2: 2 | F2: 10 | G2: 45747 | H2: 45749
A3: 2 | B3: 45748 | C3: 45750 | D3: 25 | E3: 7 | F3: 25 | G3: 45748 | H3: 45750
A4: 3 | B4: 45749 | C4: 45751 | D4: 5 | E4: 8 | F4: 5 | G4: 45749 | H4: 45751
A5: 4 | B5: 45750 | C5: 45752 | D5: 15 | E5: 10 | F5: 15 | G5: 45750 | H5: 45752
A6: 5 | B6: 45751 | C6: 45753 | D6: 20 | E6: 15 | F6: 20 | G6: 45751 | H6: 45753
A7: 6 | B7: 45752 | C7: 45754 | D7: 30 | E7: 18 | F7: 30 | G7: 45752 | H7: 45754
A8: 7 | B8: 45753 | C8: 45754 | D8: 35 | E8: 21 | F8: 35 | G8: 45753 | H8: 45754
A9: 8 | B9: 45747 | C9: 45751 | D9: 10 | E9: 25 | F9: 10 | G9: 45747 | H9: 45751
A10: 9 | B10: 45748 | C10: 45751 | D10: 40 | E10: 33 | F10: 40 | G10: 45748 | H10: 45751
A11: 10 | B11: 45749 | C11: 45752 | D11: 45 | E11: 37 | F11: 45 | G11: 45749 | H11: 45752
A12: 11 | B12: 45750 | C12: 45753 | D12: 20 | E12: 42 | F12: 20 | G12: 45750 | H12: 45753
A13: 12 | B13: 45751 | C13: 45754 | D13: 55 | E13: 51 | F13: 55 | G13: 45751 | H13: 45754
... A19: 18 | B19: 45750 | C19: 45754 | D19: 40 | E19: 103 | F19: 40 | G19: 45750 | H19: 45754
A20: 19 | B20: 45751 | C20: 45753 | D20: 25 | E20: 110 | F20: 25 | G20: 45751 | H20: 45753 | I20: 21번 줄 빈칸 있음
A21: 20 | B21: 45752 | C21: 45752 | D21: 10 | E21: 158 | F21: 10 | G21: 45752 | H21: 45752

Sheet ShoppingBasket
A1: s_no | B1: p_no | C1: 상품명 | D1: 금액 | E1: u_no | F1: p_s | G1: p_m | H1: p_l | I1: p_xl
A2: 1 | B2: 175 | C2: =VLOOKUP(B2,ProductList!A:B,2,0) -> 코듀라 RAW 데님 트러커 자켓 인디고 로우 | D2: =VLOOKUP(B2,ProductList!A:G,7,0)*SUM(F2:I2) -> 75000 | E2: 30 | F2: 1 | G2: 2 | H2: 0 | I2: 0
A3: 2 | B3: 55 | C3: =VLOOKUP(B3,ProductList!A:B,2,0) -> 스퀘어 토 메리제인 플랫슈즈 | D3: =VLOOKUP(B3,ProductList!A:G,7,0)*SUM(F3:I3) -> 225000 | E3: 1 | F3: 0 | G3: 0 | H3: 1 | I3: 2
A4: 3 | B4: 93 | C4: =VLOOKUP(B4,ProductList!A:B,2,0) -> 워렌 슬림 타이 3COLOR | D4: =VLOOKUP(B4,ProductList!A:G,7,0)*SUM(F4:I4) -> 285000 | E4: 4 | F4: 0 | G4: 3 | H4: 0 | I4: 0
A5: 4 | B5: 148 | C5: =VLOOKUP(B5,ProductList!A:B,2,0) -> 코즈웨이 소가죽 베이직 페니 로퍼 밴타블랙 | D5: =VLOOKUP(B5,ProductList!A:G,7,0)*SUM(F5:I5) -> 300000 | E5: 28 | F5: 3 | G5: 2 | H5: 0 | I5: 1
A6: 5 | B6: 198 | C6: =VLOOKUP(B6,ProductList!A:B,2,0) -> Reversible Padded Muffle | D6: =VLOOKUP(B6,ProductList!A:G,7,0)*SUM(F6:I6) -> 425000 | E6: 1 | F6: 1 | G6: 0 | H6: 1 | I6: 3
A7: 6 | B7: 145 | C7: =VLOOKUP(B7,ProductList!A:B,2,0) -> WTRD2600 마일 볼륨 스퀘어토 클로그 블랙 | D7: =VLOOKUP(B7,ProductList!A:G,7,0)*SUM(F7:I7) -> 440000 | E7: 10 | F7: 2 | G7: 1 | H7: 1 | I7: 4
A8: 7 | B8: 46 | C8: =VLOOKUP(B8,ProductList!A:B,2,0) -> 10008 BK HORSE LOAFERS | D8: =VLOOKUP(B8,ProductList!A:G,7,0)*SUM(F8:I8) -> 50000 | E8: 9 | F8: 1 | G8: 0 | H8: 1 | I8: 0
A9: 8 | B9: 15 | C9: =VLOOKUP(B9,ProductList!A:B,2,0) -> Moon Night Raglan L/S Tee [4Color] | D9: =VLOOKUP(B9,ProductList!A:G,7,0)*SUM(F9:I9) -> 180000 | E9: 1 | F9: 3 | G9: 0 | H9: 0 | I9: 2
A10: 9 | B10: 130 | C10: =VLOOKUP(B10,ProductList!A:B,2,0) -> 올데이 라인업 부츠컷 레깅스 | D10: =VLOOKUP(B10,ProductList!A:G,7,0)*SUM(F10:I10) -> 325000 | E10: 1 | F10: 2 | G10: 0 | H10: 0 | I10: 3
A11: 10 | B11: 128 | C11: =VLOOKUP(B11,ProductList!A:B,2,0) -> 린넨 라이크 세미 와이드 밴딩 팬츠 | D11: =VLOOKUP(B11,ProductList!A:G,7,0)*SUM(F11:I11) -> 240000 | E11: 2 | F11: 0 | G11: 2 | H11: 0 | I11: 1
A12: 11 | B12: 165 | C12: =VLOOKUP(B12,ProductList!A:B,2,0) -> 스탠다드 블루종 스웨이드 자켓 아이보리 | D12: =VLOOKUP(B12,ProductList!A:G,7,0)*SUM(F12:I12) -> 275000 | E12: 2 | F12: 3 | G12: 0 | H12: 2 | I12: 0
A13: 12 | B13: 151 | C13: =VLOOKUP(B13,ProductList!A:B,2,0) -> 커디스 메리제인 로퍼 크림 516323204ZQ | D13: =VLOOKUP(B13,ProductList!A:G,7,0)*SUM(F13:I13) -> 450000 | E13: 3 | F13: 0 | G13: 3 | H13: 2 | I13: 1
... A51: 50 | B51: 136 | C51: =VLOOKUP(B51,ProductList!A:B,2,0) -> 캠프 윈드브레이커 조거 팬츠 블랙 | D51: =VLOOKUP(B51,ProductList!A:G,7,0)*SUM(F51:I51) -> 120000 | E51: 14 | F51: 0 | G51: 2 | H51: 0 | I51: 1

Sheet SubCategory
A1: sb_no | B1: sb_name | C1: c_no
A2: 1 | B2: 니트/스웨터 | C2: 1
A3: 2 | B3: 맨투맨 | C3: 1
A4: 3 | B4: 후드티 | C4: 1
A5: 4 | B5: 긴소매 티셔츠 | C5: 1
A6: 5 | B6: 반소매 티셔츠 | C6: 1
A7: 6 | B7: 숏 팬츠 | C7: 2
A8: 7 | B8: 코튼 팬츠 | C8: 2
A9: 8 | B9: 레깅스 | C9: 2
A10: 9 | B10: 스포츠 하의 | C10: 2
A11: 10 | B11: 기타 바지 | C11: 2
A12: 11 | B12: 구두 | C12: 3
A13: 12 | B13: 로퍼 | C13: 3
... A26: 25 | B26: 머플러 | C26: 5

Sheet User
A1: u_no | B1: u_id | C1: u_pw | D1: u_name | E1: u_price | F1: u_birth | G1: u_img
A2: 1 | B2: user01 | C2: user01! | D2: 손준서 | E2: 67669 | F2: 28112
A3: 2 | B3: user02 | C3: user02! | D3: 이예은 | E3: 38860 | F3: 30253
A4: 3 | B4: user03 | C4: user03! | D4: 강수빈 | E4: 32748 | F4: 36540
A5: 4 | B5: user04 | C5: user04! | D5: 윤예지 | E5: 4411 | F5: 29441
A6: 5 | B6: user05 | C6: user05! | D6: 박동현 | E6: 19320 | F6: 33772
A7: 6 | B7: user06 | C7: user06! | D7: 이성민 | E7: 6620 | F7: 40056
A8: 7 | B8: user07 | C8: user07! | D8: 박영호 | E8: 89954 | F8: 39000
A9: 8 | B9: user08 | C9: user08! | D9: 이수민 | E9: 37790 | F9: 31199
A10: 9 | B10: user09 | C10: user09! | D10: 엄지혜 | E10: 79230 | F10: 34156
A11: 10 | B11: user10 | C11: user10! | D11: 김지연 | E11: 86559 | F11: 32425
A12: 11 | B12: user11 | C12: user11! | D12: 고우진 | E12: 94103 | F12: 36264
A13: 12 | B13: user12 | C13: user12! | D13: 이상현 | E13: 79198 | F13: 38605
... A31: 30 | B31: user30 | C31: user30! | D31: 박성민 | E31: 62618 | F31: 37134
