Workbook

Sheet location
A1: lno | B1: lname | C1: lx | D1: ly
A2: 1 | B2: 강원 | C2: 230 | D2: 87
A3: 2 | B3: 경기 | C3: 145 | D3: 139
A4: 3 | B4: 경남 | C4: 228 | D4: 346
A5: 4 | B5: 경북 | C5: 268 | D5: 224
A6: 5 | B6: 광주 | C6: 108 | D6: 362
A7: 6 | B7: 대구 | C7: 260 | D7: 284
A8: 7 | B8: 대전 | C8: 162 | D8: 233
A9: 8 | B9: 부산 | C9: 305 | D9: 362
A10: 9 | B10: 서울 | C10: 125 | D10: 105
A11: 10 | B11: 세종 | C11: 158 | D11: 209
A12: 11 | B12: 울산 | C12: 321 | D12: 316
A13: 12 | B13: 인천 | C13: 82 | D13: 106
... A17: 16 | B17: 충북 | C17: 189 | D17: 175

Sheet reservation
A1: rno | B1: uno | C1: sno | D1: carno | E1: seat | F1: 출발지 | G1: 도착지
A2: 1 | B2: 89 | C2: 1 | D2: 2 | E2: B01 | F2: =VLOOKUP(C2,schedule!A:F,6) -> 부산 | G2: =VLOOKUP(C2, schedule!A:G, 7, 0) -> 경남
A3: 2 | B3: 38 | C3: 1332 | D3: 3 | E3: A05 | F3: =VLOOKUP(C3,schedule!A:F,6) -> 충북 | G3: =VLOOKUP(C3, schedule!A:G, 7, 0) -> 전북
A4: 3 | B4: 15 | C4: 3289 | D4: 1 | E4: B01 | F4: =VLOOKUP(C4,schedule!A:F,6) -> 대전 | G4: =VLOOKUP(C4, schedule!A:G, 7, 0) -> 강원
A5: 4 | B5: 19 | C5: 1 | D5: 1 | E5: D10 | F5: =VLOOKUP(C5,schedule!A:F,6) -> 부산 | G5: =VLOOKUP(C5, schedule!A:G, 7, 0) -> 경남
A6: 5 | B6: 62 | C6: 1970 | D6: 4 | E6: A03 | F6: =VLOOKUP(C6,schedule!A:F,6) -> 인천 | G6: =VLOOKUP(C6, schedule!A:G, 7, 0) -> 울산
A7: 6 | B7: 30 | C7: 78 | D7: 3 | E7: E10 | F7: =VLOOKUP(C7,schedule!A:F,6) -> 충남 | G7: =VLOOKUP(C7, schedule!A:G, 7, 0) -> 대구
A8: 7 | B8: 24 | C8: 3804 | D8: 4 | E8: D09 | F8: =VLOOKUP(C8,schedule!A:F,6) -> 전남 | G8: =VLOOKUP(C8, schedule!A:G, 7, 0) -> 경북
A9: 8 | B9: 53 | C9: 2210 | D9: 3 | E9: E05 | F9: =VLOOKUP(C9,schedule!A:F,6) -> 전남 | G9: =VLOOKUP(C9, schedule!A:G, 7, 0) -> 충남
A10: 9 | B10: 53 | C10: 870 | D10: 2 | E10: D04 | F10: =VLOOKUP(C10,schedule!A:F,6) -> 서울 | G10: =VLOOKUP(C10, schedule!A:G, 7, 0) -> 강원
A11: 10 | B11: 4 | C11: 1133 | D11: 2 | E11: D01 | F11: =VLOOKUP(C11,schedule!A:F,6) -> 부산 | G11: =VLOOKUP(C11, schedule!A:G, 7, 0) -> 경남
A12: 11 | B12: 37 | C12: 2652 | D12: 1 | E12: B06 | F12: =VLOOKUP(C12,schedule!A:F,6) -> 경남 | G12: =VLOOKUP(C12, schedule!A:G, 7, 0) -> 울산
A13: 12 | B13: 26 | C13: 1 | D13: 5 | E13: B04 | F13: =VLOOKUP(C13,schedule!A:F,6) -> 부산 | G13: =VLOOKUP(C13, schedule!A:G, 7, 0) -> 경남
... A1001: 1000 | B1001: 91 | C1001: 3087 | D1001: 5 | E1001: A09 | F1001: =VLOOKUP(C1001,schedule!A:F,6) -> 전남 | G1001: =VLOOKUP(C1001, schedule!A:G, 7, 0) -> 대전

Sheet schedule
A1: sno | B1: date | C1: starting | D1: destination | E1: time | F1: 출발지 | G1: 도착지
A2: 1 | B2: 45717 | C2: 8 | D2: 3 | E2: 0.58958333 | F2: =VLOOKUP(C2, location!A:B, 2, 0) -> 부산 | G2: =VLOOKUP(D2,location!A:B,2, 0) -> 경남
A3: 2 | B3: 45717 | C3: 2 | D3: 15 | E3: 0.45972222 | F3: =VLOOKUP(C3, location!A:B, 2, 0) -> 경기 | G3: =VLOOKUP(D3,location!A:B,2, 0) -> 충남
A4: 3 | B4: 45717 | C4: 6 | D4: 1 | E4: 0.65972222 | F4: =VLOOKUP(C4, location!A:B, 2, 0) -> 대구 | G4: =VLOOKUP(D4,location!A:B,2, 0) -> 강원
A5: 4 | B5: 45717 | C5: 16 | D5: 7 | E5: 0.62986111 | F5: =VLOOKUP(C5, location!A:B, 2, 0) -> 충북 | G5: =VLOOKUP(D5,location!A:B,2, 0) -> 대전
A6: 5 | B6: 45717 | C6: 7 | D6: 15 | E6: 0.75 | F6: =VLOOKUP(C6, location!A:B, 2, 0) -> 대전 | G6: =VLOOKUP(D6,location!A:B,2, 0) -> 충남
A7: 6 | B7: 45717 | C7: 3 | D7: 1 | E7: 0.90972222 | F7: =VLOOKUP(C7, location!A:B, 2, 0) -> 경남 | G7: =VLOOKUP(D7,location!A:B,2, 0) -> 강원
A8: 7 | B8: 45717 | C8: 15 | D8: 3 | E8: 0.45972222 | F8: =VLOOKUP(C8, location!A:B, 2, 0) -> 충남 | G8: =VLOOKUP(D8,location!A:B,2, 0) -> 경남
A9: 8 | B9: 45717 | C9: 6 | D9: 12 | E9: 0.5 | F9: =VLOOKUP(C9, location!A:B, 2, 0) -> 대구 | G9: =VLOOKUP(D9,location!A:B,2, 0) -> 인천
A10: 9 | B10: 45717 | C10: 7 | D10: 5 | E10: 0.66944444 | F10: =VLOOKUP(C10, location!A:B, 2, 0) -> 대전 | G10: =VLOOKUP(D10,location!A:B,2, 0) -> 광주
A11: 10 | B11: 45717 | C11: 15 | D11: 9 | E11: 0.91944444 | F11: =VLOOKUP(C11, location!A:B, 2, 0) -> 충남 | G11: =VLOOKUP(D11,location!A:B,2, 0) -> 서울
A12: 11 | B12: 45717 | C12: 13 | D12: 2 | E12: 0.97986111 | F12: =VLOOKUP(C12, location!A:B, 2, 0) -> 전남 | G12: =VLOOKUP(D12,location!A:B,2, 0) -> 경기
A13: 12 | B13: 45717 | C13: 5 | D13: 4 | E13: 0.55 | F13: =VLOOKUP(C13, location!A:B, 2, 0) -> 광주 | G13: =VLOOKUP(D13,location!A:B,2, 0) -> 경북
... A3321: 3320 | B3321: 45777 | C3321: 7 | D3321: 2 | E3321: 0.53958333 | F3321: =VLOOKUP(C3321, location!A:B, 2, 0) -> 대전 | G3321: =VLOOKUP(D3321,location!A:B,2, 0) -> 경기
A3322: 3321 | B3322: 2025-04-31 | C3322: 12 | D3322: 16 | E3322: 0.48958333 | F3322: =VLOOKUP(C3322, location!A:B, 2, 0) -> 인천 | G3322: =VLOOKUP(D3322,location!A:B,2, 0) -> 충북
A3323: 3322 | B3323: 2025-04-31 | C3323: 16 | D3323: 7 | E3323: 0.75972222 | F3323: =VLOOKUP(C3323, location!A:B, 2, 0) -> 충북 | G3323: =VLOOKUP(D3323,location!A:B,2, 0) -> 대전
A3324: 3323 | B3324: 2025-04-31 | C3324: 11 | D3324: 2 | E3324: 0.7 | F3324: =VLOOKUP(C3324, location!A:B, 2, 0) -> 울산 | G3324: =VLOOKUP(D3324,location!A:B,2, 0) -> 경기
A3325: 3324 | B3325: 2025-04-31 | C3325: 2 | D3325: 9 | E3325: 0.77986111 | F3325: =VLOOKUP(C3325, location!A:B, 2, 0) -> 경기 | G3325: =VLOOKUP(D3325,location!A:B,2, 0) -> 서울
A3326: 3325 | B3326: 2025-04-31 | C3326: 14 | D3326: 2 | E3326: 0.76944444 | F3326: =VLOOKUP(C3326, location!A:B, 2, 0) -> 전북 | G3326: =VLOOKUP(D3326,location!A:B,2, 0) -> 경기
A3327: 3326 | B3327: 2025-04-31 | C3327: 15 | D3327: 4 | E3327: 0.52986111 | F3327: =VLOOKUP(C3327, location!A:B, 2, 0) -> 충남 | G3327: =VLOOKUP(D3327,location!A:B,2, 0) -> 경북
A3328: 3327 | B3328: 2025-04-31 | C3328: 8 | D3328: 6 | E3328: 0.61944444 | F3328: =VLOOKUP(C3328, location!A:B, 2, 0) -> 부산 | G3328: =VLOOKUP(D3328,location!A:B,2, 0) -> 대구
A3329: 3328 | B3329: 2025-04-31 | C3329: 13 | D3329: 8 | E3329: 0.56944444 | F3329: =VLOOKUP(C3329, location!A:B, 2, 0) -> 전남 | G3329: =VLOOKUP(D3329,location!A:B,2, 0) -> 부산
A3330: 3329 | B3330: 2025-04-31 | C3330: 8 | D3330: 6 | E3330: 0.7 | F3330: =VLOOKUP(C3330, location!A:B, 2, 0) -> 부산 | G3330: =VLOOKUP(D3330,location!A:B,2, 0) -> 대구
A3331: 3330 | B3331: 2025-04-31 | C3331: 14 | D3331: 9 | E3331: 0.83958333 | F3331: =VLOOKUP(C3331, location!A:B, 2, 0) -> 전북 | G3331: =VLOOKUP(D3331,location!A:B,2, 0) -> 서울
A3332: 3331 | B3332: 2025-04-31 | C3332: 5 | D3332: 7 | E3332: 0.55 | F3332: =VLOOKUP(C3332, location!A:B, 2, 0) -> 광주 | G3332: =VLOOKUP(D3332,location!A:B,2, 0) -> 대전
A3333: 3332 | B3333: 2025-04-31 | C3333: 14 | D3333: 7 | E3333: 0.96944444 | F3333: =VLOOKUP(C3333, location!A:B, 2, 0) -> 전북 | G3333: =VLOOKUP(D3333,location!A:B,2, 0) -> 대전
... A3387: 3386 | B3387: 2025-04-31 | C3387: 2 | D3387: 1 | E3387: 0.77986111 | F3387: =VLOOKUP(C3387, location!A:B, 2, 0) -> 경기 | G3387: =VLOOKUP(D3387,location!A:B,2, 0) -> 강원
A3388: 3387 | B3388: 45778 | C3388: 8 | D3388: 10 | E3388: 0.65972222 | F3388: =VLOOKUP(C3388, location!A:B, 2, 0) -> 부산 | G3388: =VLOOKUP(D3388,location!A:B,2, 0) -> 세종
A3389: 3388 | B3389: 45778 | C3389: 14 | D3389: 5 | E3389: 0.77986111 | F3389: =VLOOKUP(C3389, location!A:B, 2, 0) -> 전북 | G3389: =VLOOKUP(D3389,location!A:B,2, 0) -> 광주
A3390: 3389 | B3390: 45778 | C3390: 13 | D3390: 16 | E3390: 0.72986111 | F3390: =VLOOKUP(C3390, location!A:B, 2, 0) -> 전남 | G3390: =VLOOKUP(D3390,location!A:B,2, 0) -> 충북
A3391: 3390 | B3391: 45778 | C3391: 12 | D3391: 7 | E3391: 0.80972222 | F3391: =VLOOKUP(C3391, location!A:B, 2, 0) -> 인천 | G3391: =VLOOKUP(D3391,location!A:B,2, 0) -> 대전
A3392: 3391 | B3392: 45778 | C3392: 9 | D3392: 11 | E3392: 0.45972222 | F3392: =VLOOKUP(C3392, location!A:B, 2, 0) -> 서울 | G3392: =VLOOKUP(D3392,location!A:B,2, 0) -> 울산
A3393: 3392 | B3393: 45778 | C3393: 12 | D3393: 4 | E3393: 0.41944444 | F3393: =VLOOKUP(C3393, location!A:B, 2, 0) -> 인천 | G3393: =VLOOKUP(D3393,location!A:B,2, 0) -> 경북
A3394: 3393 | B3394: 45778 | C3394: 4 | D3394: 7 | E3394: 0.46944444 | F3394: =VLOOKUP(C3394, location!A:B, 2, 0) -> 경북 | G3394: =VLOOKUP(D3394,location!A:B,2, 0) -> 대전
A3395: 3394 | B3395: 45778 | C3395: 7 | D3395: 1 | E3395: 0.76944444 | F3395: =VLOOKUP(C3395, location!A:B, 2, 0) -> 대전 | G3395: =VLOOKUP(D3395,location!A:B,2, 0) -> 강원
A3396: 3395 | B3396: 45778 | C3396: 1 | D3396: 11 | E3396: 0.9 | F3396: =VLOOKUP(C3396, location!A:B, 2, 0) -> 강원 | G3396: =VLOOKUP(D3396,location!A:B,2, 0) -> 울산
A3397: 3396 | B3397: 45778 | C3397: 10 | D3397: 7 | E3397: 0.51944444 | F3397: =VLOOKUP(C3397, location!A:B, 2, 0) -> 세종 | G3397: =VLOOKUP(D3397,location!A:B,2, 0) -> 대전
A3398: 3397 | B3398: 45778 | C3398: 15 | D3398: 6 | E3398: 0.65 | F3398: =VLOOKUP(C3398, location!A:B, 2, 0) -> 충남 | G3398: =VLOOKUP(D3398,location!A:B,2, 0) -> 대구
A3399: 3398 | B3399: 45778 | C3399: 15 | D3399: 16 | E3399: 0.98958333 | F3399: =VLOOKUP(C3399, location!A:B, 2, 0) -> 충남 | G3399: =VLOOKUP(D3399,location!A:B,2, 0) -> 충북
... A5001: 5000 | B5001: 45806 | C5001: 5 | D5001: 7 | E5001: 0.88958333 | F5001: =VLOOKUP(C5001, location!A:B, 2, 0) -> 광주 | G5001: =VLOOKUP(D5001,location!A:B,2, 0) -> 대전

Sheet user
A1: uno | B1: id | C1: pw | D1: name | E1: birth | F1: phone | G1: email | H1: 나이
A2: 1 | B2: user01 | C2: user01! | D2: 강나희 | E2: 40376 | F2: 081-5678-2124 | G2: yoon11@gmail.com | H2: =DATEDIF(E2,TODAY(),"Y") -> 14
A3: 2 | B3: user02 | C3: user02! | D3: 강수연 | E3: 31629 | F3: 081-5876-1234 | G3: mimi12@naver.com | H3: =DATEDIF(E3,TODAY(),"Y") -> 38
A4: 3 | B4: user03 | C4: user03! | D4: 강유아 | E4: 42274 | F4: 081-9494-8787 | G4: vigung@empal.com | H4: =DATEDIF(E4,TODAY(),"Y") -> 9
A5: 4 | B5: user04 | C5: user04! | D5: 강희우 | E5: 26577 | F5: 081-7890-7890 | G5: jae1234@naver.com | H5: =DATEDIF(E5,TODAY(),"Y") -> 52
A6: 5 | B6: user05 | C6: user05! | D6: 강희윤 | E6: 40075 | F6: 081-1122-1122 | G6: chiyy5780@skills.com | H6: =DATEDIF(E6,TODAY(),"Y") -> 15
A7: 6 | B7: user06 | C7: user06! | D7: 강희찬 | E7: 40279 | F7: 081-2343-2342 | G7: aicvc3286@naver.com | H7: =DATEDIF(E7,TODAY(),"Y") -> 14
A8: 7 | B8: user07 | C8: user07! | D8: 김건우 | E8: 31146 | F8: 081-4567-4567 | G8: juhaey987@naver.com | H8: =DATEDIF(E8,TODAY(),"Y") -> 39
A9: 8 | B9: user08 | C9: user08! | D9: 김나린 | E9: 27357 | F9: 081-4321-4529 | G9: yic3285@naver.com | H9: =DATEDIF(E9,TODAY(),"Y") -> 50
A10: 9 | B10: user09 | C10: user09! | D10: 김다인 | E10: 35023 | F10: 081-2342-3244 | G10: dbwjd@gmail.com | H10: =DATEDIF(E10,TODAY(),"Y") -> 29
A11: 10 | B11: user10 | C11: user10! | D11: 김다희 | E11: 38663 | F11: 081-6234-4232 | G11: yisd2393@naver.com | H11: =DATEDIF(E11,TODAY(),"Y") -> 19
A12: 11 | B12: user11 | C12: user11! | D12: 김민지 | E12: 39382 | F12: 081-4234-3422 | G12: saddfs2433@naver.com | H12: =DATEDIF(E12,TODAY(),"Y") -> 17
A13: 12 | B13: user12 | C13: user12! | D13: 김민희 | E13: 24991 | F13: 081-6533-4233 | G13: pwusn3493@naver.com | H13: =DATEDIF(E13,TODAY(),"Y") -> 56
... A101: 100 | B101: user100 | C101: user100! | D101: 정대철 | E101: 27438 | F101: 081-8755-6698 | G101: alsgml4126@naver.com | H101: =DATEDIF(E101,TODAY(),"Y") -> 50
