Workbook

Sheet 세부채점표
A1: 문제 | B1: 항목 | C1: 세부항목 | E1: 배점 | F1: 1 | G1: 2 | H1: 3 | I1: 4 | J1: 5 | K1: 6 | L1: 7 | M1: 8 | N1: 9 | O1: 10
B2: 공통사항 | C2: 1 | D2: 로고 메인 이동 (폼 10개) | E2: 1
C3: 2 | D3: 경고 메시지/정보 메시지 | E3: 0.2
C4: 3 | D4: 상품이미지, 회원이미지 blbo | E4: 1
A5: 소계 | E5: =SUM(E2:E4) -> 2.2 | F5: =SUM(F2:F4) -> 0 | G5: =SUM(G2:G4) -> 0 | H5: =SUM(H2:H4) -> 0 | I5: =SUM(I2:I4) -> 0 | J5: =SUM(J2:J4) -> 0 | K5: =SUM(K2:K4) -> 0 | L5: =SUM(L2:L4) -> 0 | ... O5: =SUM(O2:O4) -> 0
A6: 문제 1-1 | B6: 메인 폼 | C6: 1 | D6: 디자인 및 상품 업로드 | E6: 1
C7: 2 | D7: 상품 글자 15자이상 … | E7: 0.2
C8: 3 | D8: 할인율 계산 | E8: 0.5
C9: 4 | D9: 상품 클릭 제어 (로그인전 / 로그인후 이동) | E9: 0.2
C10: 5 | D10: 가격순(↓), 가격순(↑), 별점순(↓) 버튼 제어 | E10: 1.5
C11: 6 | D11: 유저 이미지 클릭 관리폼 이동 | E11: 0.1
C12: 7 | D12: 검색 빈칸 - 전체 | E12: 0.2
C13: 8 | D13: 검색시 1개 카테고리 트리 제어 | E13: 0.5
C14: 9 | D14: 검색시 2개이상 카테고리시 전체 제어 | E14: 0.5
C15: 10 | D15: 로그인시 처리 | E15: 0.4
C16: 11 | D16: 전체클릭시 전체 제어 | E16: 0.2
C17: 12 | D17: 카테고리 클릭시 검색 | E17: 0.2
A18: 소계 | E18: =SUM(E6:E17) -> 5.5 | F18: =SUM(F6:F17) -> 0 | G18: =SUM(G6:G17) -> 0 | H18: =SUM(H6:H17) -> 0 | I18: =SUM(I6:I17) -> 0 | J18: =SUM(J6:J17) -> 0 | K18: =SUM(K6:K17) -> 0 | L18: =SUM(L6:L17) -> 0 | ... O18: =SUM(O6:O17) -> 0
A19: 문제 1-2 | B19: 로그인 | C19: 1 | D19: 폼 디자인 | E19: 0.2
C20: 2 | D20: 빈칸제어 | E20: 0.1
C21: 3 | D21: 미 일치 제어 | E21: 0.3
C22: 4 | D22: 일치 제어 | E22: 0.3
C23: 4 | D23: 폼이동 | E23: 0.1
A24: 소계 | E24: =SUM(E19:E23) -> 1 | F24: =SUM(F19:F23) -> 0 | G24: =SUM(G19:G23) -> 0 | H24: =SUM(H19:H23) -> 0 | I24: =SUM(I19:I23) -> 0 | J24: =SUM(J19:J23) -> 0 | K24: =SUM(K19:K23) -> 0 | L24: =SUM(L19:L23) -> 0 | ... O24: =SUM(O19:O23) -> 0
A25: 문제 1-3 | B25: 상품 | C25: 1 | D25: 폼디자인 및 정보업로드 | E25: 1
C26: 2 | D26: 사이즈 제어 | E26: 0.4
C27: 3 | D27: 서브카테고리 클릭 | E27: 0.4
C28: 4 | D28: 서브 클릭시 초기와 | E28: 0.2
C29: 5 | D29: 할은금액 계산 | E29: 0.5
C30: 6 | D30: 구매버튼 제어 | E30: 0.2
C31: 7 | D31: 장바구니 제어 | E31: 0.2
C32: 8 | D32: 20글자 이상... | E32: 0.2
C33: 9 | D33: 별점 | E33: 0.5
A34: 소계 | E34: =SUM(E25:E33) -> 3.6 | F34: =SUM(F25:F33) -> 0 | G34: =SUM(G25:G33) -> 0 | H34: =SUM(H25:H33) -> 0 | I34: =SUM(I25:I33) -> 0 | J34: =SUM(J25:J33) -> 0 | K34: =SUM(K25:K33) -> 0 | L34: =SUM(L25:L33) -> 0 | ... O34: =SUM(O25:O33) -> 0
A35: 문제 1-4 | B35: 마이페이지 | C35: 1 | D35: 정보수정 디자인 | E35: 0.5
C36: 2 | D36: 로그인 회원 정보 | E36: 0.5
C37: 3 | D37: 충전하기 이동 | E37: 0.1
C38: 4 | D38: 이미지 저장 | E38: 0.5
C39: 5 | D39: 미수정 제어 | E39: 0.2
C40: 6 | D40: 생년월일 제어 | E40: 0.2
C41: 7 | D41: 정보수정 DB | E41: 1
C42: 8 | D42: 구매목록 디자인 | E42: 0.5
C43: 9 | D43: 로그인 구매목록 정보 | E43: 0.5
C44: 10 | D44: 팝업메뉴 및 이동 | E44: 0.3
C45: 11 | D45: 검색 실행 | E45: 0.3
C46: 12 | D46: 장바구니 디자인 | E46: 0.5
C47: 13 | D47: 로그인 장바구니 정보 | E47: 0.5
... C50: 16 | D50: 구매하기 버튼 이동 | E50: 0.1
A51: 소계 | E51: =SUM(E35:E50) -> 6.9 | F51: =SUM(F35:F50) -> 0 | G51: =SUM(G35:G50) -> 0 | H51: =SUM(H35:H50) -> 0 | I51: =SUM(I35:I50) -> 0 | J51: =SUM(J35:J50) -> 0 | K51: =SUM(K35:K50) -> 0 | L51: =SUM(L35:L50) -> 0 | ... O51: =SUM(O35:O50) -> 0
A52: 문제 1-5 | B52: 충전 | C52: 1 | D52: 폼 디자인 | E52: 0.2
C53: 2 | D53: 취소버튼 제어 | E53: 0.1
C54: 3 | D54: - + 버튼 | E54: 0.8
C55: 4 | D55: DB 수정 | E55: 1
A56: 소계 | E56: =SUM(E52:E55) -> 2.1 | F56: =SUM(F52:F55) -> 0 | G56: =SUM(G52:G55) -> 0 | H56: =SUM(H52:H55) -> 0 | I56: =SUM(I52:I55) -> 0 | J56: =SUM(J52:J55) -> 0 | K56: =SUM(K52:K55) -> 0 | L56: =SUM(L52:L55) -> 0 | ... O56: =SUM(O52:O55) -> 0
A57: 문제 1-6 | B57: 리뷰등록 | C57: 1 | D57: 폼 디자인 | E57: 0.3
C58: 2 | D58: 상품 정보 | E58: 0.5
C59: 3 | D59: 별점제어 | E59: 0.5
C60: 4 | D60: 저장 버튼 빈카제어 | E60: 0.1
C61: 5 | D61: 저장 db | E61: 1
A62: 소계 | E62: =SUM(E57:E61) -> 2.4 | F62: =SUM(F57:F61) -> 0 | G62: =SUM(G57:G61) -> 0 | H62: =SUM(H57:H61) -> 0 | I62: =SUM(I57:I61) -> 0 | J62: =SUM(J57:J61) -> 0 | K62: =SUM(K57:K61) -> 0 | L62: =SUM(L57:L61) -> 0 | ... O62: =SUM(O57:O61) -> 0
A63: 문제 1-7 | B63: 상품등록 | C63: 1 | D63: 폼 디자인 | E63: 0.5
C64: 2 | D64: 서브카테고리 제어 | E64: 0.2
C65: 3 | D65: 카테고리 등록 db | E65: 1
C66: 4 | D66: 이미지 선택창 | E66: 0.2
C67: 5 | D67: 빈칸제어 | E67: 0.1
C68: 6 | D68: 이미지 저장 | E68: 0.5
C69: 7 | D69: 사이즈 제어 | E69: 0.1
C70: 8 | D70: 상품등록 db | E70: 1
A71: 소계 | E71: =SUM(E63:E70) -> 3.6 | F71: =SUM(F63:F70) -> 0 | G71: =SUM(G63:G70) -> 0 | H71: =SUM(H63:H70) -> 0 | I71: =SUM(I63:I70) -> 0 | J71: =SUM(J63:J70) -> 0 | K71: =SUM(K63:K70) -> 0 | L71: =SUM(L63:L70) -> 0 | ... O71: =SUM(O63:O70) -> 0
A72: 문제 1-8 | B72: 결제 | C72: 1 | D72: 폼 디자인 | E72: 0.5
C73: 2 | D73: 결제 정보 업로드 | E73: 0.5
C74: 3 | D74: 전체선택 제어 | E74: 0.4
C75: 4 | D75: 결제금액 계산 | E75: 0.5
C76: 5 | D76: 잔액 부족 충전폼 | E76: 0.2
C77: 6 | D77: 결제완료 실행 db(user금액, 장바구니삭제, 구매목록추가) | E77: 3
A78: 소계 | E78: =SUM(E72:E77) -> 5.1 | F78: =SUM(F72:F77) -> 0 | G78: =SUM(G72:G77) -> 0 | H78: =SUM(H72:H77) -> 0 | I78: =SUM(I72:I77) -> 0 | J78: =SUM(J72:J77) -> 0 | K78: =SUM(K72:K77) -> 0 | L78: =SUM(L72:L77) -> 0 | ... O78: =SUM(O72:O77) -> 0
A79: 문제 1-9 | B79: 리뷰 | C79: 1 | D79: 폼디자인 | E79: 0.2
C80: 2 | D80: 정보 업로드 | E80: 0.5
C81: 3 | D81: 구매날짜별 정렬 | E81: 0.2
C82: 4 | D82: 닫기 | E82: 0.1
A83: 소계 | E83: =SUM(E79:E82) -> 1 | F83: =SUM(F79:F82) -> 0 | G83: =SUM(G79:G82) -> 0 | H83: =SUM(H79:H82) -> 0 | I83: =SUM(I79:I82) -> 0 | J83: =SUM(J79:J82) -> 0 | K83: =SUM(K79:K82) -> 0 | L83: =SUM(L79:L82) -> 0 | ... O83: =SUM(O79:O82) -> 0
A84: 문제 1-10 | B84: 관리 | C84: 1 | D84: 폼 디자인 | E84: 0.1
C85: 2 | D85: 각 버튼 이동 | E85: 0.5
A86: 소계 | E86: =SUM(E84:E85) -> 0.6 | F86: =SUM(F84:F85) -> 0 | G86: =SUM(G84:G85) -> 0 | H86: =SUM(H84:H85) -> 0 | I86: =SUM(I84:I85) -> 0 | J86: =SUM(J84:J85) -> 0 | K86: =SUM(K84:K85) -> 0 | L86: =SUM(L84:L85) -> 0 | ... O86: =SUM(O84:O85) -> 0
A87: 총계 | E87: =E5+E18+E24+E34+E51+E56+E62+E71+E78+E83+E86 -> 34 | F87: =F5+F18+F24+F34+F51+F56+F62+F71+F78+F83+F86 -> 0 | G87: =G5+G18+G24+G34+G51+G56+G62+G71+G78+G83+G86 -> 0 | H87: =H5+H18+H24+H34+H51+H56+H62+H71+H78+H83+H86 -> 0 | I87: =I5+I18+I24+I34+I51+I56+I62+I71+I78+I83+I86 -> 0 | J87: =J5+J18+J24+J34+J51+J56+J62+J71+J78+J83+J86 -> 0 | K87: =K5+K18+K24+K34+K51+K56+K62+K71+K78+K83+K86 -> 0 | L87: =L5+L18+L24+L34+L51+L56+L62+L71+L78+L83+L86 -> 0 | ... O87: =O5+O18+O24+O34+O51+O56+O62+O71+O78+O83+O86 -> 0

Sheet 전산용
A1: 문제 | B1: 항목 | C1: 세부항목 | E1: 배점 | F1: 1 | G1: 2 | H1: 3 | I1: 4 | J1: 5 | K1: 6 | L1: 7 | M1: 8 | N1: 9 | O1: 10
B2: 공통사항 | C2: 1 | D2: 로고 메인 이동 (폼 9개) | E2: =세부채점표!E2 -> 1
C3: 2 | D3: 경고 메시지/정보 메시지 | E3: =세부채점표!E3 -> 0.2
C4: 3 | D4: 상품, 회원이미지 blob | E4: =세부채점표!E4 -> 1
A5: 소계 | E5: =SUM(E2:E4) -> 2.2 | F5: =SUM(F2:F4) -> 0 | G5: =SUM(G2:G4) -> 0 | H5: =SUM(H2:H4) -> 0 | I5: =SUM(I2:I4) -> 0 | J5: =SUM(J2:J4) -> 0 | K5: =SUM(K2:K4) -> 0 | L5: =SUM(L2:L4) -> 0 | ... O5: =SUM(O2:O4) -> 0
A6: 문제 1-1 | B6: 메인 폼 | C6: 1 | D6: 디자인 | E6: =세부채점표!E6 -> 1
C7: 2 | D7: 상품 글자 15자이상 … | E7: =세부채점표!E7 -> 0.2
C8: 3 | D8: 할인율 계산 | E8: =세부채점표!E8 -> 0.5
C9: 4 | D9: 상품 클릭 제어 (로그인전 / 로그인후 이동) | E9: =세부채점표!E9 -> 0.2
C10: 5 | D10: 가격순(↓), 가격순(↑), 별점순(↓) 버튼 제어 | E10: =세부채점표!E10 -> 1.5
C11: 6 | D11: 유저 이미지 클릭 관리폼 이동 | E11: =세부채점표!E11 -> 0.1
C12: 7 | D12: 검색 빈칸 - 전체 | E12: =세부채점표!E12 -> 0.2
C13: 8 | D13: 검색시 1개 카테고리 트리 제어 | E13: =세부채점표!E13 -> 0.5
C14: 9 | D14: 검색시 2개이상 카테고리시 전체 제어 | E14: =세부채점표!E14 -> 0.5
C15: 10 | D15: 로그인시 처리 | E15: =세부채점표!E15 -> 0.4
C16: 11 | D16: 전체클릭시 전체 제어 | E16: =세부채점표!E16 -> 0.2
C17: 12 | D17: 카테고리 클릭시 검색 | E17: =세부채점표!E17 -> 0.2
A18: 소계 | E18: =SUM(E6:E17) -> 5.5 | F18: =SUM(F6:F17) -> 0 | G18: =SUM(G6:G17) -> 0 | H18: =SUM(H6:H17) -> 0 | I18: =SUM(I6:I17) -> 0 | J18: =SUM(J6:J17) -> 0 | K18: =SUM(K6:K17) -> 0 | L18: =SUM(L6:L17) -> 0 | ... O18: =SUM(O6:O17) -> 0
A19: 문제 1-2 | B19: 로그인 | C19: 1 | D19: 폼 디자인 | E19: =세부채점표!E19 -> 0.2
C20: 2 | D20: 로그인 제어 | E20: =SUM(세부채점표!E20:E23) -> 0.8
A21: 소계 | E21: =SUM(E19:E20) -> 1 | F21: =SUM(F19:F20) -> 0 | G21: =SUM(G19:G20) -> 0 | H21: =SUM(H19:H20) -> 0 | I21: =SUM(I19:I20) -> 0 | J21: =SUM(J19:J20) -> 0 | K21: =SUM(K19:K20) -> 0 | L21: =SUM(L19:L20) -> 0 | ... O21: =SUM(O19:O20) -> 0
A22: 문제 1-3 | B22: 상품 | C22: 1 | D22: 폼디자인 | E22: =세부채점표!E25 -> 1
C23: 2 | D23: 사이즈 제어 | E23: =세부채점표!E26 -> 0.4
C24: 3 | D24: 서브카테고리 클릭 | E24: =세부채점표!E27 -> 0.4
C25: 4 | D25: 서브 클릭시 초기와 | E25: =세부채점표!E28 -> 0.2
C26: 5 | D26: 할은금액 계산 | E26: =세부채점표!E29 -> 0.5
C27: 6 | D27: 구매버튼 제어 | E27: =세부채점표!E30 -> 0.2
C28: 7 | D28: 장바구니 제어 | E28: =세부채점표!E31 -> 0.2
C29: 8 | D29: 20글자 이상... | E29: =세부채점표!E32 -> 0.2
C30: 9 | D30: 별점 | E30: =세부채점표!E33 -> 0.5
A31: 소계 | E31: =SUM(E22:E30) -> 3.6 | F31: =SUM(F22:F30) -> 0 | G31: =SUM(G22:G30) -> 0 | H31: =SUM(H22:H30) -> 0 | I31: =SUM(I22:I30) -> 0 | J31: =SUM(J22:J30) -> 0 | K31: =SUM(K22:K30) -> 0 | L31: =SUM(L22:L30) -> 0 | ... O31: =SUM(O22:O30) -> 0
A32: 문제 1-4 | B32: 마이페이지 | C32: 1 | D32: 정보수정 | E32: =SUM(세부채점표!E35:E41) -> 3
C33: 2 | D33: 구매목록 | E33: =SUM(세부채점표!E42:E45) -> 1.6
C34: 3 | D34: 장바구니 | E34: =SUM(세부채점표!E46:E50) -> 2.3
A35: 소계 | E35: =SUM(E32:E34) -> 6.9 | F35: =SUM(F32:F34) -> 0 | G35: =SUM(G32:G34) -> 0 | H35: =SUM(H32:H34) -> 0 | I35: =SUM(I32:I34) -> 0 | J35: =SUM(J32:J34) -> 0 | K35: =SUM(K32:K34) -> 0 | L35: =SUM(L32:L34) -> 0 | ... O35: =SUM(O32:O34) -> 0
A36: 문제 1-5 | B36: 충전 | C36: 1 | D36: 폼 디자인 | E36: =세부채점표!E52 -> 0.2
C37: 2 | D37: 취소버튼 제어 | E37: =세부채점표!E53 -> 0.1
C38: 3 | D38: - + 버튼 | E38: =세부채점표!E54 -> 0.8
C39: 4 | D39: DB 수정 | E39: =세부채점표!E55 -> 1
A40: 소계 | E40: =SUM(E36:E39) -> 2.1 | F40: =SUM(F36:F39) -> 0 | G40: =SUM(G36:G39) -> 0 | H40: =SUM(H36:H39) -> 0 | I40: =SUM(I36:I39) -> 0 | J40: =SUM(J36:J39) -> 0 | K40: =SUM(K36:K39) -> 0 | L40: =SUM(L36:L39) -> 0 | ... O40: =SUM(O36:O39) -> 0
A41: 문제 1-6 | B41: 리뷰등록 | C41: 1 | D41: 폼 디자인 | E41: =SUM(세부채점표!E57:E58) -> 0.8
C42: 3 | D42: 별점제어 | E42: =세부채점표!E59 -> 0.5
C43: 4 | D43: 저장 | E43: =SUM(세부채점표!E60:E61) -> 1.1
A44: 소계 | E44: =SUM(E41:E43) -> 2.4 | F44: =SUM(F41:F43) -> 0 | G44: =SUM(G41:G43) -> 0 | H44: =SUM(H41:H43) -> 0 | I44: =SUM(I41:I43) -> 0 | J44: =SUM(J41:J43) -> 0 | K44: =SUM(K41:K43) -> 0 | L44: =SUM(L41:L43) -> 0 | ... O44: =SUM(O41:O43) -> 0
A45: 문제 1-7 | B45: 상품등록 | C45: 1 | D45: 폼 디자인 | E45: =세부채점표!E63 -> 0.5
C46: 2 | D46: 서브카테고리 제어 | E46: =세부채점표!E64 -> 0.2
C47: 3 | D47: 카테고리 등록 db | E47: =세부채점표!E65 -> 1
C48: 4 | D48: 이미지 선택창 | E48: =세부채점표!E66 -> 0.2
C49: 5 | D49: 상품등록 | E49: =SUM(세부채점표!E67:E70) -> 1.7
A50: 소계 | E50: =SUM(E45:E49) -> 3.6 | F50: =SUM(F45:F49) -> 0 | G50: =SUM(G45:G49) -> 0 | H50: =SUM(H45:H49) -> 0 | I50: =SUM(I45:I49) -> 0 | J50: =SUM(J45:J49) -> 0 | K50: =SUM(K45:K49) -> 0 | L50: =SUM(L45:L49) -> 0 | ... O50: =SUM(O45:O49) -> 0
A51: 문제 1-8 | B51: 결제 | C51: 1 | D51: 디자인 | E51: =SUM(세부채점표!E72:E73) -> 1
C52: 2 | D52: 전체선택 제어 | E52: =세부채점표!E74 -> 0.4
C53: 3 | D53: 결제금액 계산 | E53: =세부채점표!E75 -> 0.5
C54: 4 | D54: 잔액 부족 충전폼 | E54: =세부채점표!E76 -> 0.2
C55: 5 | D55: 결제완료 실행 db(user금액, 장바구니삭제, 구매목록추가) | E55: =세부채점표!E77 -> 3
A56: 소계 | E56: =SUM(E51:E55) -> 5.1 | F56: =SUM(F51:F55) -> 0 | G56: =SUM(G51:G55) -> 0 | H56: =SUM(H51:H55) -> 0 | I56: =SUM(I51:I55) -> 0 | J56: =SUM(J51:J55) -> 0 | K56: =SUM(K51:K55) -> 0 | L56: =SUM(L51:L55) -> 0 | ... O56: =SUM(O51:O55) -> 0
A57: 문제 1-9 | B57: 리뷰 | C57: 1 | D57: 폼디자인 | E57: =SUM(세부채점표!E79:E80) -> 0.7
C58: 3 | D58: 구매날짜별 정롤 | E58: =세부채점표!E81 -> 0.2
C59: 4 | D59: 닫기 | E59: =세부채점표!E82 -> 0.1
A60: 소계 | E60: =SUM(E57:E59) -> 1 | F60: =SUM(F57:F59) -> 0 | G60: =SUM(G57:G59) -> 0 | H60: =SUM(H57:H59) -> 0 | I60: =SUM(I57:I59) -> 0 | J60: =SUM(J57:J59) -> 0 | K60: =SUM(K57:K59) -> 0 | L60: =SUM(L57:L59) -> 0 | ... O60: =SUM(O57:O59) -> 0
A61: 문제 1-10 | B61: 관리 | C61: 1 | D61: 폼 디자인 | E61: =세부채점표!E84 -> 0.1
C62: 2 | D62: 각 버튼 이동 | E62: =세부채점표!E85 -> 0.5
A63: 소계 | E63: =SUM(E61:E62) -> 0.6 | F63: =SUM(F61:F62) -> 0 | G63: =SUM(G61:G62) -> 0 | H63: =SUM(H61:H62) -> 0 | I63: =SUM(I61:I62) -> 0 | J63: =SUM(J61:J62) -> 0 | K63: =SUM(K61:K62) -> 0 | L63: =SUM(L61:L62) -> 0 | ... O63: =SUM(O61:O62) -> 0
A64: 총계 | E64: =E5+E18+E21+E31+E35+E40+E44+E50+E56+E60+E63 -> 34 | F64: =F5+F18+F21+F31+F35+F40+F44+F50+F56+F60+F63 -> 0 | G64: =G5+G18+G21+G31+G35+G40+G44+G50+G56+G60+G63 -> 0 | H64: =H5+H18+H21+H31+H35+H40+H44+H50+H56+H60+H63 -> 0 | I64: =I5+I18+I21+I31+I35+I40+I44+I50+I56+I60+I63 -> 0 | J64: =J5+J18+J21+J31+J35+J40+J44+J50+J56+J60+J63 -> 0 | K64: =K5+K18+K21+K31+K35+K40+K44+K50+K56+K60+K63 -> 0 | L64: =L5+L18+L21+L31+L35+L40+L44+L50+L56+L60+L63 -> 0 | ... O64: =O5+O18+O21+O31+O35+O40+O44+O50+O56+O60+O63 -> 0

Sheet 게시용
A1: 2025지방 2과제 채점기준
A2: 문제 | B2: 항목 | C2: 세부항목 | E2: 배점 | F2: 배점
B3: 공통사항 | C3: 1 | D3: 로고 메인 이동 (폼 9개) | E3: =전산용!E2 -> 1 | F3: =E6 -> 2.2
C4: 2 | D4: 경고 메시지/정보 메시지 | E4: =전산용!E3 -> 0.2
C5: 3 | D5: 상품, 회원이미지 blob | E5: =전산용!E4 -> 1
A6: 소계 | E6: =전산용!E5 -> 2.2
A7: 문제 1-1 | B7: 메인 폼 | C7: 1 | D7: 디자인 | E7: =전산용!E6 -> 1 | F7: =E19 -> 5.5
C8: 2 | D8: 상품 글자 15자이상 … | E8: =전산용!E7 -> 0.2
C9: 3 | D9: 할인율 계산 | E9: =전산용!E8 -> 0.5
C10: 4 | D10: 상품 클릭 제어 (로그인전 / 로그인후 이동) | E10: =전산용!E9 -> 0.2
C11: 5 | D11: 가격순(↓), 가격순(↑), 별점순(↓) 버튼 제어 | E11: =전산용!E10 -> 1.5
C12: 6 | D12: 유저 이미지 클릭 관리폼 이동 | E12: =전산용!E11 -> 0.1
C13: 7 | D13: 검색 빈칸 - 전체 | E13: =전산용!E12 -> 0.2
C14: 8 | D14: 검색시 1개 카테고리 트리 제어 | E14: =전산용!E13 -> 0.5
C15: 9 | D15: 검색시 2개이상 카테고리시 전체 제어 | E15: =전산용!E14 -> 0.5
C16: 10 | D16: 로그인시 처리 | E16: =전산용!E15 -> 0.4
C17: 11 | D17: 전체클릭시 전체 제어 | E17: =전산용!E16 -> 0.2
C18: 12 | D18: 카테고리 클릭시 검색 | E18: =전산용!E17 -> 0.2
A19: 소계 | E19: =전산용!E18 -> 5.5
A20: 문제 1-2 | B20: 로그인 | C20: 1 | D20: 폼 디자인 | E20: =전산용!E19 -> 0.2 | F20: =E22 -> 1
C21: 2 | D21: 로그인 제어 | E21: =전산용!E20 -> 0.8
A22: 소계 | E22: =전산용!E21 -> 1
A23: 문제 1-3 | B23: 상품 | C23: 1 | D23: 폼디자인 | E23: =전산용!E22 -> 1 | F23: =E32 -> 3.6
C24: 2 | D24: 사이즈 제어 | E24: =전산용!E23 -> 0.4
C25: 3 | D25: 서브카테고리 클릭 | E25: =전산용!E24 -> 0.4
C26: 4 | D26: 서브 클릭시 초기와 | E26: =전산용!E25 -> 0.2
C27: 5 | D27: 할은금액 계산 | E27: =전산용!E26 -> 0.5
C28: 6 | D28: 구매버튼 제어 | E28: =전산용!E27 -> 0.2
C29: 7 | D29: 장바구니 제어 | E29: =전산용!E28 -> 0.2
C30: 8 | D30: 20글자 이상... | E30: =전산용!E29 -> 0.2
C31: 9 | D31: 별점 | E31: =전산용!E30 -> 0.5
A32: 소계 | E32: =전산용!E31 -> 3.6
A33: 문제 1-4 | B33: 마이페이지 | C33: 1 | D33: 정보수정 | E33: =전산용!E32 -> 3 | F33: =E36 -> 6.9
C34: 2 | D34: 구매목록 | E34: =전산용!E33 -> 1.6
C35: 3 | D35: 장바구니 | E35: =전산용!E34 -> 2.3
A36: 소계 | E36: =전산용!E35 -> 6.9
A37: 문제 1-5 | B37: 충전 | C37: 1 | D37: 폼 디자인 | E37: =전산용!E36 -> 0.2 | F37: =E41 -> 2.1
C38: 2 | D38: 취소버튼 제어 | E38: =전산용!E37 -> 0.1
C39: 3 | D39: - + 버튼 | E39: =전산용!E38 -> 0.8
C40: 4 | D40: DB 수정 | E40: =전산용!E39 -> 1
A41: 소계 | E41: =전산용!E40 -> 2.1
A42: 문제 1-6 | B42: 리뷰등록 | C42: 1 | D42: 폼 디자인 | E42: =전산용!E41 -> 0.8 | F42: =E45 -> 2.4
C43: 3 | D43: 별점제어 | E43: =전산용!E42 -> 0.5
C44: 4 | D44: 저장 | E44: =전산용!E43 -> 1.1
A45: 소계 | E45: =전산용!E44 -> 2.4
A46: 문제 1-7 | B46: 상품등록 | C46: 1 | D46: 폼 디자인 | E46: =전산용!E45 -> 0.5 | F46: =E51 -> 3.6
C47: 2 | D47: 서브카테고리 제어 | E47: =전산용!E46 -> 0.2
C48: 3 | D48: 카테고리 등록 db | E48: =전산용!E47 -> 1
C49: 4 | D49: 이미지 선택창 | E49: =전산용!E48 -> 0.2
C50: 5 | D50: 상품등록 | E50: =전산용!E49 -> 1.7
A51: 소계 | E51: =전산용!E50 -> 3.6
A52: 문제 1-8 | B52: 결제 | C52: 1 | D52: 디자인 | E52: =전산용!E51 -> 1 | F52: =E57 -> 5.1
C53: 2 | D53: 전체선택 제어 | E53: =전산용!E52 -> 0.4
C54: 3 | D54: 결제금액 계산 | E54: =전산용!E53 -> 0.5
C55: 4 | D55: 잔액 부족 충전폼 | E55: =전산용!E54 -> 0.2
C56: 5 | D56: 결제완료 실행 db(user금액, 장바구니삭제, 구매목록추가) | E56: =전산용!E55 -> 3
A57: 소계 | E57: =전산용!E56 -> 5.1
A58: 문제 1-9 | B58: 리뷰 | C58: 1 | D58: 폼디자인 | E58: =전산용!E57 -> 0.7 | F58: =E61 -> 1
C59: 3 | D59: 구매날짜별 정롤 | E59: =전산용!E58 -> 0.2
C60: 4 | D60: 닫기 | E60: =전산용!E59 -> 0.1
A61: 소계 | E61: =전산용!E60 -> 1
A62: 문제 1-10 | B62: 관리 | C62: 1 | D62: 폼 디자인 | E62: =전산용!E61 -> 0.1 | F62: =E64 -> 0.6
C63: 2 | D63: 각 버튼 이동 | E63: =전산용!E62 -> 0.5
A64: 소계 | E64: =전산용!E63 -> 0.6
A65: 총계 | E65: =전산용!E64 -> 34 | F65: =E65 -> 34
